{
  "config_1": {
    "config": {
      "lr": 1e-05,
      "dropout": 0.1,
      "batch_size": 32,
      "epochs": 3
    },
    "best_val_f1": 0.8842680692599889,
    "best_val_cat_f1": 0.9001163118944617,
    "best_val_sev_f1": 0.868419826625516,
    "final_train_loss": 0.49726921043841416,
    "final_val_loss": 0.5092220714366114,
    "total_time_min": 128.97554638783137
  },
  "config_2": {
    "config": {
      "lr": 2e-05,
      "dropout": 0.3,
      "batch_size": 64,
      "epochs": 2
    },
    "best_val_f1": 0.8786422544841066,
    "best_val_cat_f1": 0.8945796768992356,
    "best_val_sev_f1": 0.8627048320689777,
    "final_train_loss": 0.545515358715201,
    "final_val_loss": 0.5107588529586792,
    "total_time_min": 79.02567843993505
  },
  "config_3": {
    "config": {
      "lr": 5e-05,
      "dropout": 0.2,
      "batch_size": 64,
      "epochs": 2
    },
    "best_val_f1": 0.8827853930947791,
    "best_val_cat_f1": 0.9005205364235005,
    "best_val_sev_f1": 0.8650502497660577,
    "final_train_loss": 0.5221489558503012,
    "final_val_loss": 0.49423243258450483,
    "total_time_min": 79.00582669576009
  }
}